<?xml version="1.0" encoding="UTF-8"?>
<lint>
    <!-- WARNING -->
    <issue id="RtlCompat" severity="warning" />

    <issue id="NewApi">
        <warning path="src/main/res/values/reader_styles.xml" />
        <warning path="src/main/res/values/styles.xml" />
    </issue>

    <!-- ERROR -->
    <issue id="InconsistentArrays" severity="error" />
    <issue id="HardcodedText" severity="error" />
    <issue id="IconDuplicates" severity="error" />
    <issue id="IconDipSize" severity="error" />
    <issue id="InconsistentArrays" severity="error" />
    <issue id="StringFormatCount" severity="error" />

    <!-- IGNORE -->
    <issue id="MissingTranslation" severity="ignore" />
    <issue id="ExtraTranslation" severity="ignore" />

    <issue id="InvalidPackage">
        <ignore regexp="okio-1.9.0.jar" />
    </issue>
</lint>
