<?xml version="1.0" encoding="UTF-8"?>
<methodResponse>
    <params>
        <param>
            <value>
                <struct>
                    <member>
                        <name>user_id</name>
                        <value>
                            <string>55434822</string>
                        </value>
                    </member>
                    <member>
                        <name>username</name>
                        <value>
                            <string>taliwutt</string>
                        </value>
                    </member>
                    <member>
                        <name>first_name</name>
                        <value>
                            <string />
                        </value>
                    </member>
                    <member>
                        <name>last_name</name>
                        <value>
                            <string />
                        </value>
                    </member>
                    <member>
                        <name>registered</name>
                        <value>
                            <dateTime.iso8601>20130917T11:13:54</dateTime.iso8601>
                        </value>
                    </member>
                    <member>
                        <name>bio</name>
                        <value>
                            <string />
                        </value>
                    </member>
                    <member>
                        <name>email</name>
                        <value>
                            <string>taliwut@gmail.com</string>
                        </value>
                    </member>
                    <member>
                        <name>nickname</name>
                        <value>
                            <string>taliwutt</string>
                        </value>
                    </member>
                    <member>
                        <name>nicename</name>
                        <value>
                            <string>taliwutt</string>
                        </value>
                    </member>
                    <member>
                        <name>url</name>
                        <value>
                            <string>http://taliwutblog.wordpress.com</string>
                        </value>
                    </member>
                    <member>
                        <name>display_name</name>
                        <value>
                            <string>taliwutt</string>
                        </value>
                    </member>
                    <member>
                        <name>roles</name>
                        <value>
                            <array>
                                <data>
                                    <value>
                                        <string>administrator</string>
                                    </value>
                                </data>
                            </array>
                        </value>
                    </member>
                </struct>
            </value>
        </param>
    </params>
</methodResponse>