<?xml version="1.0" encoding="UTF-8"?>
<methodResponse>
    <params>
        <param>
            <value>
                <struct>
                    <member>
                        <name>standard</name>
                        <value>
                            <string>Par défaut</string>
                        </value>
                    </member>
                    <member>
                        <name>aside</name>
                        <value>
                            <string>En passant</string>
                        </value>
                    </member>
                    <member>
                        <name>chat</name>
                        <value>
                            <string>Discussion</string>
                        </value>
                    </member>
                    <member>
                        <name>gallery</name>
                        <value>
                            <string>Galerie</string>
                        </value>
                    </member>
                    <member>
                        <name>link</name>
                        <value>
                            <string>Lien</string>
                        </value>
                    </member>
                    <member>
                        <name>image</name>
                        <value>
                            <string>Image</string>
                        </value>
                    </member>
                    <member>
                        <name>quote</name>
                        <value>
                            <string>Citation</string>
                        </value>
                    </member>
                    <member>
                        <name>status</name>
                        <value>
                            <string>Statut</string>
                        </value>
                    </member>
                    <member>
                        <name>video</name>
                        <value>
                            <string>Vidéo</string>
                        </value>
                    </member>
                    <member>
                        <name>audio</name>
                        <value>
                            <string>Son</string>
                        </value>
                    </member>
                </struct>
            </value>
        </param>
    </params>
</methodResponse>