<?xml version="1.0" encoding="UTF-8"?>
<methodResponse>
    <fault>
        <value>
            <struct>
                <member>
                    <name>faultCode</name>
                    <value>
                        <int>403</int>
                    </value>
                </member>
                <member>
                    <name>faultString</name>
                    <value>
                        <string>Incorrect username or password.</string>
                    </value>
                </member>
            </struct>
        </value>
    </fault>
</methodResponse>