<?xml version="1.0" encoding="UTF-8"?>
<methodResponse>
    <params>
        <param>
            <value>
                <array>
                    <data>
                        <value>
                            <struct>
                                <member>
                                    <name>metadata</name>
                                    <value>
                                        <struct>
                                            <member>
                                                <name>image_meta</name>
                                                <value>
                                                    <struct>
                                                        <member>
                                                            <name>aperture</name>
                                                            <value>
                                                                <double>2,8</double>
                                                            </value>
                                                        </member>
                                                    </struct>
                                                </value>
                                            </member>
                                        </struct>
                                    </value>
                                </member>
                            </struct>
                        </value>
                    </data>
                </array>
            </value>
        </param>
    </params>
</methodResponse>